日期,二林,豐原,沙鹿,忠明,彰化,埔里,西屯,大里,南投,竹山,線西,龍潭,觀音,板橋,大同,三重,大園,基隆,林口,平鎮,淡水,土城,萬里,中壢,菜寮,士林,古亭,陽明,萬華,桃園,松山,新莊,汐止,永和,新店,中山,三義,湖口,頭份,新竹,竹東,苗栗,冬山,宜蘭,關山,臺東,花蓮,恆春,左營,林園,潮州,屏東,大寮,小港,鳳山,橋頭,楠梓,美濃,前鎮,仁武,復興,前金,安南,臺西,新港,新營,麥寮,朴子,嘉義,臺南,崙背,斗六,善化
2016-01-01,32.39,24.26,26.68,27.7,26.77,17.09,26.88,31.32,30.22,28.85,35.69,27.45,29.27,31.04,24.34,25.02,26.74,21.03,25.09,27.22,26.45,25.4,18.45,28.15,23.55,20.31,20.35,4.87,23.86,25.99,21.61,27.89,23.6,23.61,23.92,24.3,17.26,30.73,28.77,28.1,25.6,32.22,8.09,12.77,7.74,6.43,9.96,6.12,47.57,39.84,36.76,37.36,44.0,47.78,42.04,37.9,34.91,34.6,35.9,45.37,45.38,44.94,42.29,36.89,35.39,36.66,35.67,38.66,37.31,45.52,39.49,38.8,37.88
2016-01-08,24.29,18.41,20.48,21.05,21.97,19.43,21.56,20.32,27.03,29.13,26.98,24.56,25.29,24.29,19.12,19.87,21.99,20.79,21.64,21.21,23.12,21.12,18.95,22.26,19.54,16.55,17.39,5.86,19.8,20.28,20.48,22.22,20.82,20.38,21.91,20.06,15.08,23.56,21.6,19.18,21.26,21.62,9.45,14.49,9.09,8.32,13.38,7.21,41.21,35.53,34.32,31.07,40.8,38.07,34.66,35.12,32.1,30.74,31.73,36.52,40.39,39.08,31.76,28.15,26.31,30.51,28.17,29.23,32.43,33.5,29.19,27.53,30.19
2016-01-15,27.43,19.37,22.68,23.41,23.66,22.14,23.2,22.51,31.68,28.76,30.37,23.99,29.03,27.93,23.39,23.87,24.23,21.08,23.88,23.1,22.0,24.44,19.59,24.47,22.45,20.48,19.58,8.52,24.69,23.14,21.22,24.28,18.21,22.54,22.2,24.2,15.22,25.2,21.58,22.04,22.48,23.63,11.04,15.24,11.84,11.16,15.4,9.34,46.84,38.59,42.43,37.55,49.15,47.87,44.51,41.54,36.45,32.73,36.79,42.4,35.55,45.87,38.93,30.59,29.91,38.36,30.97,34.43,37.47,41.72,33.86,32.54,37.28
2016-01-22,19.35,16.26,15.22,17.08,18.53,15.86,18.67,18.55,24.92,23.72,20.64,17.8,18.5,20.59,16.28,17.41,17.54,13.38,18.53,17.7,21.32,16.43,11.59,17.83,16.01,13.82,14.08,8.39,16.85,16.28,17.68,18.79,14.51,17.2,18.08,16.96,10.01,19.47,15.95,15.0,19.02,14.44,6.45,10.92,9.01,7.04,12.62,5.84,33.11,28.0,31.03,29.67,34.57,32.02,30.34,29.24,27.69,27.82,26.37,31.96,61.56,32.38,26.14,20.57,22.1,27.35,21.57,22.47,28.63,27.73,24.46,25.35,25.46
2016-01-29,15.56,12.03,12.46,11.22,12.86,16.27,13.71,11.04,20.68,18.88,16.47,9.4,13.51,9.8,9.11,9.92,10.36,8.21,9.07,10.4,9.5,8.42,7.91,9.96,10.15,6.75,7.3,1.82,9.48,8.58,8.47,11.69,7.04,8.01,10.13,8.58,5.91,12.79,10.4,7.81,12.62,12.22,2.95,7.75,5.97,4.68,8.97,4.31,32.38,28.11,33.96,28.74,37.02,33.12,28.37,26.48,26.97,26.79,24.82,28.73,39.0,31.65,21.45,15.78,17.01,21.12,17.89,19.24,19.79,19.41,21.23,17.4,21.84
2016-02-05,41.67,33.13,35.79,35.91,38.03,27.94,37.74,35.83,37.51,35.93,41.56,40.64,40.38,35.11,30.73,32.76,37.75,26.45,26.81,36.34,29.2,29.18,22.98,36.23,27.82,27.83,10.59,18.44,31.83,35.01,30.42,32.24,25.82,31.66,32.25,37.5,24.85,36.07,29.25,32.06,34.72,33.07,18.09,23.15,19.87,18.9,24.56,13.8,44.51,40.66,43.01,39.8,40.75,41.85,39.93,34.16,37.3,35.78,35.2,39.89,38.36,42.17,51.75,40.83,46.04,51.16,42.26,49.24,46.53,36.46,51.92,45.55,46.82
2016-02-12,21.58,19.55,17.46,19.07,20.66,25.15,20.43,18.46,28.65,27.03,24.17,19.67,20.29,19.42,17.85,18.31,18.74,15.65,17.8,17.16,18.22,15.91,13.53,17.14,17.81,14.64,13.88,7.47,18.3,17.43,16.48,20.79,18.2,15.8,16.88,19.34,12.57,21.03,16.2,13.9,19.55,18.21,6.06,12.17,10.53,7.92,12.05,5.62,34.23,26.77,36.55,31.45,35.87,33.18,33.49,25.62,28.9,28.36,26.05,30.03,31.84,34.9,27.0,22.13,23.9,27.04,23.76,23.7,28.22,23.54,25.62,25.05,27.29
2016-02-19,30.87,29.85,27.86,30.28,32.99,38.07,35.07,30.44,42.99,41.84,32.75,22.7,25.54,21.64,19.84,20.09,23.28,20.21,17.69,21.09,20.34,18.72,17.24,20.17,17.98,16.87,17.46,11.76,22.68,19.98,21.71,20.57,20.41,20.68,21.98,21.65,18.73,25.93,20.92,19.9,23.88,29.55,10.73,15.44,12.92,12.77,16.17,10.14,53.75,43.97,53.85,51.81,51.59,50.63,50.69,42.44,45.4,47.0,38.9,47.74,48.11,51.98,42.72,29.8,39.21,43.25,33.52,39.06,45.9,46.91,39.31,43.29,43.98
2016-02-26,30.07,30.01,28.36,29.57,32.63,34.84,31.97,29.47,38.86,38.96,32.84,25.9,26.77,19.43,17.14,17.14,23.05,15.06,16.47,20.97,19.63,15.39,12.87,21.42,15.96,15.93,14.75,12.63,19.0,17.97,15.99,19.08,16.34,14.96,17.1,16.36,22.04,26.61,21.63,20.86,25.61,31.34,6.52,13.46,13.36,11.55,14.88,10.1,50.09,41.04,46.52,46.5,47.28,48.07,45.1,40.23,43.42,42.64,37.8,44.04,43.08,48.18,41.6,26.83,36.19,45.23,30.59,35.59,45.32,45.84,38.97,41.65,42.97
2016-03-04,36.83,25.5,34.85,32.09,34.33,32.7,34.84,28.52,37.38,31.22,39.12,31.43,28.0,29.16,27.28,23.81,28.65,16.34,23.6,31.88,26.91,26.19,14.08,30.41,24.38,21.93,17.66,11.23,23.63,29.08,19.51,28.5,18.15,19.24,19.76,22.34,21.53,29.84,26.87,24.7,33.58,38.06,6.91,12.71,8.82,6.35,11.09,6.22,41.89,37.73,40.18,37.32,45.45,43.14,37.44,31.0,34.83,31.14,28.32,37.96,35.38,38.55,37.98,35.18,36.27,38.68,39.71,40.23,39.88,38.86,42.92,37.16,34.38
2016-03-11,25.08,16.65,23.46,20.89,23.15,15.93,24.04,20.75,32.91,25.2,25.92,20.91,20.42,22.19,23.03,19.54,19.46,17.26,17.66,20.6,20.51,18.44,13.64,19.13,20.47,15.57,16.45,6.63,19.22,18.2,17.37,24.02,18.73,17.94,19.47,19.57,10.88,22.05,17.56,18.62,19.68,25.53,6.11,12.83,10.02,7.73,12.09,5.67,39.52,33.37,38.82,35.36,40.67,38.87,35.95,31.86,31.17,29.1,27.69,36.01,37.74,38.88,31.82,28.57,29.56,31.39,29.89,35.29,36.04,36.16,30.72,31.15,32.74
2016-03-18,31.73,25.95,33.45,31.84,32.84,24.64,34.43,32.97,41.8,31.36,37.36,23.23,25.16,28.58,24.45,27.33,23.5,21.21,20.84,22.72,25.78,24.07,21.0,22.5,24.3,20.79,21.88,11.16,24.19,23.19,24.85,26.87,24.55,23.34,24.69,25.56,17.31,24.85,23.46,23.65,27.41,33.45,12.41,18.8,13.81,12.77,20.17,12.06,44.76,38.63,42.68,38.64,42.61,38.8,39.84,33.2,36.87,29.97,30.3,46.83,36.97,41.11,42.78,34.03,36.31,37.26,35.94,39.22,39.41,44.42,40.29,37.74,38.69
2016-03-25,43.58,31.29,35.97,35.9,39.8,27.29,37.81,28.72,36.33,40.08,44.55,40.42,42.14,36.29,32.37,31.46,37.26,28.64,32.87,34.37,33.14,32.28,25.87,38.1,29.13,29.91,31.53,21.52,32.57,36.29,30.88,33.49,29.63,30.79,31.21,33.12,28.54,38.67,31.13,33.36,33.69,39.77,18.64,23.19,19.12,19.61,23.41,14.81,44.18,36.89,35.05,34.51,41.98,35.6,39.57,35.08,38.55,32.09,33.53,39.8,41.82,42.67,50.09,46.39,46.49,47.73,45.22,51.62,43.49,50.29,51.39,45.05,44.25
2016-04-01,39.92,50.43,45.41,44.94,44.63,38.17,47.41,38.4,48.03,44.67,50.01,47.29,38.95,44.61,37.81,38.25,36.84,32.43,40.56,44.64,39.58,37.85,33.75,41.83,36.0,37.27,40.62,27.3,38.32,41.58,38.19,39.6,36.69,34.4,38.2,39.29,39.86,40.07,34.22,37.76,45.18,48.18,23.86,25.8,15.86,18.11,23.37,13.08,38.22,34.78,31.54,38.7,36.75,34.54,35.54,28.29,34.21,30.68,29.78,37.9,32.61,39.21,45.31,41.62,41.6,44.38,40.26,44.55,43.61,43.81,44.51,47.6,40.7
2016-04-08,28.7,29.95,30.08,26.14,30.19,22.76,30.22,20.35,31.15,28.61,35.33,27.49,21.91,26.13,20.93,20.16,19.85,15.33,22.13,23.99,23.36,20.76,16.49,24.83,21.21,19.29,25.84,10.38,22.05,23.59,20.91,24.27,22.27,20.42,23.79,22.47,24.05,25.41,21.96,22.27,29.21,33.57,16.48,18.53,10.4,12.46,16.73,11.08,24.49,20.25,18.58,22.06,15.84,25.8,19.14,16.85,20.94,15.23,19.06,21.81,19.12,24.27,26.28,29.2,30.34,26.88,30.83,31.46,27.93,25.61,34.31,32.2,23.5
2016-04-15,26.05,24.98,22.51,21.74,23.09,25.18,25.3,25.53,27.97,26.55,28.44,22.36,22.89,25.44,22.99,21.06,23.22,17.4,22.31,23.12,22.75,20.51,17.92,21.96,20.65,18.69,23.76,10.68,22.29,23.52,21.37,26.58,20.82,20.83,21.32,22.51,17.74,22.77,19.16,20.12,23.35,29.54,12.02,12.21,9.86,10.55,12.61,8.77,22.87,19.75,30.78,25.07,20.7,17.06,20.63,17.96,21.86,19.37,16.98,20.58,18.42,22.62,23.71,25.08,23.76,25.21,25.55,26.84,25.39,19.22,28.19,28.43,23.92
2016-04-22,23.69,25.25,20.34,21.16,22.87,17.88,26.36,22.45,24.02,20.39,27.23,31.69,27.78,28.37,28.72,27.27,26.87,21.24,28.51,30.21,24.99,22.46,23.48,30.43,25.03,26.24,24.43,14.84,27.52,28.99,22.66,29.61,21.21,24.91,24.31,28.93,20.73,28.47,23.17,24.32,29.59,32.61,18.57,19.77,10.86,11.56,18.02,8.64,18.19,16.46,18.66,19.71,17.22,10.75,18.84,14.2,17.38,16.58,13.63,19.16,12.84,16.99,18.41,23.14,22.52,22.87,24.9,25.15,20.05,20.0,27.33,23.24,19.53
2016-04-29,35.46,35.14,29.26,28.98,30.28,21.72,33.42,31.52,30.85,30.23,36.27,38.83,40.99,39.16,35.58,36.53,37.7,30.25,35.53,35.99,32.67,30.21,29.66,37.64,32.37,36.46,34.62,26.81,34.78,39.14,33.74,38.88,30.79,31.01,32.24,38.37,28.14,35.39,28.51,31.51,34.57,40.14,27.36,25.55,15.51,19.17,22.97,12.78,38.3,30.59,31.89,37.38,30.44,27.11,32.09,27.64,32.53,28.64,25.39,34.88,26.74,34.63,38.75,36.41,36.17,36.6,37.27,38.67,33.18,38.43,41.43,34.48,35.1
2016-05-06,19.31,22.73,16.32,17.19,17.98,16.26,22.83,20.64,21.05,18.27,20.38,24.59,18.76,20.81,20.58,19.62,19.74,14.64,21.04,19.64,19.42,17.25,18.42,21.97,18.43,18.79,20.49,15.51,18.89,23.18,17.75,22.9,16.3,17.11,17.5,19.46,19.07,20.16,16.63,16.88,26.28,27.45,10.54,12.74,8.11,7.0,12.03,3.17,13.32,8.85,12.62,14.5,8.79,8.2,10.81,8.89,13.49,13.63,9.18,12.38,8.58,13.24,17.7,19.46,18.72,17.68,18.67,19.23,16.94,16.34,23.0,20.72,16.74
2016-05-13,24.76,22.76,18.99,19.63,22.58,19.1,24.09,22.08,25.58,25.29,25.34,18.25,20.43,15.48,14.33,13.94,18.06,11.28,17.7,16.79,15.22,11.68,14.47,17.72,13.83,11.8,12.3,9.6,14.67,15.54,12.05,18.21,11.38,11.08,12.55,14.1,18.07,21.3,18.56,18.14,20.19,29.57,9.46,10.72,6.85,6.24,9.72,3.2,28.5,24.12,22.93,23.42,22.03,20.9,21.25,19.27,23.0,20.6,19.66,25.72,20.08,26.01,25.87,28.77,25.33,25.63,26.47,27.66,25.41,26.47,28.02,25.11,24.84
2016-05-20,26.16,27.92,21.3,26.47,26.75,21.09,29.01,28.51,27.04,21.01,25.99,27.69,24.9,26.48,22.64,22.87,22.6,12.8,23.84,23.6,19.46,18.73,15.53,26.57,19.96,15.94,19.14,11.46,22.2,23.88,20.57,24.38,17.68,18.59,18.73,22.91,18.46,23.69,18.66,18.77,23.38,28.06,13.51,13.12,6.74,7.43,9.42,3.3,17.96,15.27,17.49,20.77,17.83,15.11,16.9,14.18,18.66,14.43,14.86,19.74,13.56,19.28,24.47,25.75,26.19,24.51,27.77,28.56,24.82,21.36,32.36,24.82,19.76
2016-05-27,11.92,15.79,8.73,11.2,12.85,10.59,12.29,12.46,13.96,7.76,13.9,16.47,15.69,11.48,16.09,17.37,16.71,12.46,16.92,14.27,15.66,12.3,13.14,14.76,14.73,15.15,12.08,10.56,15.03,14.64,15.01,20.72,13.94,11.87,13.47,17.01,8.9,14.54,10.56,9.14,13.61,18.99,11.24,10.05,8.75,9.88,11.31,2.63,8.65,10.3,12.6,13.58,6.93,3.54,7.4,7.05,10.81,10.16,6.84,8.66,5.96,9.12,10.21,10.38,11.61,10.58,9.72,11.84,9.33,8.61,14.6,9.9,8.4
2016-06-03,13.5,15.66,11.21,13.1,13.39,10.39,14.89,13.29,13.71,9.65,15.66,15.87,18.03,16.52,16.17,16.37,17.83,12.89,17.62,14.64,14.66,11.77,12.74,16.12,14.46,14.25,12.41,10.35,14.5,16.03,14.05,18.94,13.83,12.09,13.37,14.53,8.6,15.55,11.76,11.5,13.69,18.97,9.15,7.63,7.24,7.6,11.61,2.62,9.27,8.91,11.11,14.0,10.02,6.02,8.24,6.83,10.11,9.72,8.73,9.65,7.68,9.72,9.21,11.5,11.69,10.75,11.69,13.08,8.96,11.06,15.41,10.09,8.99
2016-06-10,9.02,10.32,6.83,7.17,8.51,7.9,8.25,7.51,11.2,4.13,11.31,7.61,9.59,10.97,10.09,11.47,9.63,8.65,12.51,9.62,11.34,6.51,7.67,9.06,10.64,10.25,8.39,6.27,10.73,9.04,8.52,6.76,6.93,7.22,8.19,10.11,4.99,8.61,6.47,5.11,8.33,13.33,7.97,6.3,4.55,6.19,12.68,2.79,8.47,8.57,8.58,11.14,7.34,9.05,7.63,5.54,9.32,5.79,8.08,8.43,5.86,8.96,9.46,6.5,8.77,7.15,7.54,11.54,6.56,8.15,11.78,7.36,7.76
2016-06-17,13.9,15.62,7.98,11.11,12.9,10.36,11.94,12.1,13.6,9.09,12.36,11.55,13.94,18.32,14.71,14.54,13.5,12.93,15.04,10.96,13.85,10.97,9.99,11.21,13.54,13.8,14.02,11.94,14.08,11.95,14.41,8.48,13.95,10.96,11.97,13.79,5.27,11.1,8.08,7.95,12.47,17.92,8.39,7.74,6.45,5.55,10.42,1.51,9.78,7.77,9.14,16.32,6.97,6.5,9.17,7.07,11.28,8.59,7.33,9.96,6.33,10.12,10.54,12.7,13.03,10.3,11.65,15.41,10.17,9.85,17.02,10.1,11.72
2016-06-24,20.33,14.73,9.08,10.4,13.93,11.78,12.05,11.09,15.47,11.18,13.16,11.98,14.17,18.1,15.64,14.55,13.2,14.51,15.69,12.14,16.23,12.78,12.39,12.69,14.51,14.89,14.23,11.72,14.68,14.95,16.41,16.56,16.66,13.26,14.0,13.8,5.56,13.18,8.77,8.39,12.29,17.4,7.75,9.6,5.11,3.96,8.55,2.2,7.93,4.33,8.8,10.33,7.66,4.18,7.33,5.67,10.79,7.39,5.6,7.78,4.46,9.03,7.99,13.92,14.51,10.28,13.28,16.67,11.04,9.0,18.31,13.7,10.15
2016-07-01,18.61,19.92,9.98,13.58,14.26,13.57,15.76,15.16,15.85,12.62,15.42,11.48,11.8,5.19,12.38,12.09,11.47,7.63,12.68,10.62,13.63,8.87,5.43,10.61,11.09,10.81,9.13,6.23,12.36,12.3,9.87,12.01,9.07,7.75,10.01,11.05,8.68,11.71,7.84,7.02,12.98,18.99,4.52,7.9,5.06,4.31,7.02,1.77,12.53,11.6,13.6,14.67,13.88,6.14,11.36,9.22,14.62,10.77,11.57,11.88,8.89,13.42,11.71,13.31,13.95,12.22,13.23,16.08,11.81,12.63,19.72,14.96,12.45
2016-07-08,6.95,13.25,6.6,7.32,8.68,8.05,7.87,7.42,10.35,5.09,8.92,9.33,10.63,6.29,12.92,12.09,11.7,11.22,12.7,9.14,13.28,7.74,8.12,9.94,9.41,11.94,10.96,7.0,11.5,10.82,10.26,10.93,9.74,8.28,9.66,9.98,2.92,10.21,7.38,4.82,11.27,14.06,5.08,9.2,5.99,7.67,9.66,1.87,7.36,7.92,10.46,9.18,6.99,5.43,7.67,5.41,11.57,5.58,8.93,7.45,6.09,10.54,8.69,7.61,6.82,6.5,5.64,8.6,6.76,7.61,12.16,7.62,6.78
2016-07-15,12.16,16.08,12.27,12.07,15.22,12.71,12.61,13.45,14.97,11.01,15.42,13.04,14.34,10.98,15.39,15.29,14.72,15.53,18.96,15.19,17.0,11.23,11.46,15.44,12.65,16.8,12.52,12.78,15.48,14.9,14.9,14.11,12.9,11.34,13.15,15.03,7.17,14.09,11.18,9.78,14.29,19.2,9.07,12.57,8.12,11.21,11.11,2.05,10.9,12.85,15.14,16.29,13.75,5.28,10.59,7.03,15.03,9.93,10.98,10.62,8.66,12.2,11.32,13.76,12.79,11.36,9.71,13.48,10.2,13.09,18.24,13.34,10.89
2016-07-22,15.42,24.08,16.36,19.36,21.32,19.07,20.37,19.1,20.48,17.04,20.22,23.03,19.2,21.38,20.58,22.88,21.29,17.88,25.12,25.02,20.53,19.16,16.45,23.93,18.25,21.68,20.25,19.45,22.83,23.76,23.78,21.0,18.12,19.71,21.13,22.3,13.83,19.66,13.89,14.93,21.07,13.67,10.66,13.76,9.33,9.51,11.41,3.57,12.9,15.91,15.92,18.12,16.71,7.7,12.63,8.33,17.02,10.99,13.66,13.3,10.28,13.2,13.11,16.75,16.0,12.78,13.78,16.32,15.93,13.47,21.87,17.12,12.91
2016-07-29,14.94,21.81,18.47,19.44,18.44,15.95,21.15,20.02,22.31,16.83,20.25,15.93,18.88,12.37,15.23,15.69,19.36,11.17,20.01,20.44,17.28,12.96,8.77,17.74,12.89,15.48,14.19,10.87,16.01,16.24,13.77,12.21,9.49,12.09,12.28,14.37,13.06,16.39,13.11,10.9,14.94,12.77,6.57,10.93,6.81,9.75,9.78,3.58,15.35,17.23,15.57,18.52,16.42,8.6,15.27,8.7,16.51,8.41,16.04,14.23,12.42,17.62,15.4,20.66,18.32,15.45,16.65,18.79,17.16,14.34,22.57,17.54,14.43
2016-08-05,13.67,18.58,16.52,16.6,19.56,16.21,17.97,17.61,21.36,18.14,16.98,14.09,13.86,3.36,12.17,12.88,13.77,9.03,14.57,15.87,14.01,8.02,8.0,15.05,10.54,11.34,9.31,6.64,13.28,13.55,11.56,9.39,5.63,10.6,10.08,12.39,10.36,14.31,11.39,8.25,13.5,12.63,6.94,9.77,7.64,7.74,11.16,4.95,14.99,15.52,15.94,16.64,15.93,7.47,13.32,7.88,15.79,7.8,15.32,13.51,12.07,15.87,16.3,16.44,16.09,16.39,15.68,16.91,18.93,15.12,20.25,18.3,13.64
2016-08-12,7.62,15.4,14.58,12.21,14.48,11.99,14.13,13.12,16.41,11.3,14.47,16.27,16.31,5.32,9.45,9.57,16.11,5.29,14.57,11.29,12.66,7.54,5.04,16.28,9.48,8.5,7.56,4.9,9.86,12.27,7.77,9.36,5.94,8.08,7.9,7.67,6.81,15.34,10.51,8.46,15.1,9.85,3.51,6.46,4.33,5.59,12.13,1.5,8.68,6.15,6.44,8.2,5.81,6.17,6.68,4.94,11.16,4.1,6.42,7.25,5.66,8.26,10.96,12.94,13.41,10.17,12.89,13.2,11.52,10.43,15.55,12.11,9.39
2016-08-19,15.23,26.33,22.32,22.93,24.59,27.26,26.05,24.45,27.96,23.67,20.02,18.11,18.85,12.5,17.13,15.82,18.99,15.72,21.86,14.26,18.31,13.44,13.48,19.7,14.39,16.55,15.56,12.26,16.71,18.11,14.74,13.3,13.14,14.43,15.12,16.19,17.38,19.27,15.87,14.15,19.99,18.76,10.33,12.84,8.34,10.51,13.09,7.08,19.77,21.54,20.56,21.48,21.05,14.57,17.88,13.17,19.72,12.82,18.73,20.48,16.93,20.12,22.04,22.9,22.45,20.6,21.0,25.33,22.53,22.11,25.85,23.64,20.79
2016-08-26,26.22,32.93,30.76,33.26,32.38,30.94,33.91,33.74,35.71,32.66,30.92,26.77,27.89,21.3,22.8,22.43,27.35,20.24,28.42,21.25,25.61,20.97,18.53,27.82,20.06,22.05,21.67,20.89,22.76,25.44,21.44,19.34,23.13,20.98,22.05,26.99,24.22,24.68,24.35,22.92,25.57,24.77,12.98,15.08,11.88,14.95,18.31,12.86,26.39,30.18,26.46,28.55,30.32,20.53,24.69,19.37,25.86,19.25,22.97,26.74,21.52,25.57,30.66,34.27,33.29,32.58,33.82,31.37,37.3,30.89,38.07,34.6,28.56
2016-09-02,5.76,10.63,13.36,10.64,12.58,15.27,11.9,12.25,15.04,9.86,9.53,15.7,14.28,12.69,15.09,15.32,14.95,11.47,17.73,11.02,15.32,11.98,10.1,16.79,13.79,13.5,12.93,8.88,14.77,13.94,13.42,13.07,13.33,12.97,13.57,13.18,4.13,14.87,12.53,8.92,17.35,5.5,8.38,10.16,8.09,8.11,13.44,2.5,8.91,6.08,6.89,9.35,10.83,5.81,6.5,5.6,9.35,4.66,5.51,7.69,6.98,9.06,7.47,10.89,10.78,7.09,9.77,9.79,8.62,8.31,13.35,8.66,7.51
2016-09-09,7.79,11.84,13.82,13.28,13.47,15.03,12.87,12.05,15.0,12.25,15.49,11.6,12.52,8.88,10.53,11.22,11.41,5.44,15.45,8.89,13.02,8.28,8.1,12.4,11.07,10.08,10.25,6.15,10.99,11.37,8.38,9.72,8.79,8.54,8.97,9.11,4.75,13.14,9.92,7.0,15.26,8.7,3.88,5.96,5.18,3.88,7.84,2.94,14.65,11.73,12.09,13.96,9.77,8.82,11.04,8.73,13.39,6.88,9.86,11.94,9.62,12.51,11.18,14.08,11.66,11.75,13.03,13.67,12.71,11.46,16.76,10.79,10.88
2016-09-16,13.46,15.92,17.06,15.5,19.15,18.44,17.68,18.99,23.55,20.17,21.51,13.61,16.6,12.1,13.6,12.9,13.76,10.29,17.91,9.8,15.93,11.31,9.94,14.24,12.65,12.14,11.79,4.54,12.7,12.75,10.41,9.95,11.54,10.88,12.41,11.86,8.31,13.23,12.42,10.01,15.55,13.08,6.86,8.04,9.24,7.35,11.34,7.51,26.08,23.66,24.84,20.22,13.84,19.99,19.35,17.85,26.29,13.21,20.0,23.27,19.54,23.6,23.17,22.7,20.66,22.8,20.65,23.41,24.36,23.78,22.82,22.26,21.88
2016-09-23,10.99,18.29,19.11,17.29,18.58,20.43,17.59,16.7,23.88,22.81,25.31,13.27,17.05,15.62,15.16,15.52,16.48,12.93,18.58,10.73,15.5,10.31,14.9,12.65,14.68,15.57,14.79,9.37,14.93,13.6,14.18,16.3,11.96,12.11,15.79,15.24,8.07,12.25,11.01,8.8,15.22,11.17,9.2,10.92,6.19,11.68,12.0,12.08,29.74,26.84,30.89,29.89,20.16,26.67,27.49,25.26,23.11,19.62,25.4,27.08,26.85,27.97,23.36,17.79,18.32,21.64,15.91,23.59,24.52,27.41,21.1,19.78,23.79
2016-09-30,22.76,26.62,26.3,28.76,29.39,23.43,30.46,26.86,30.41,28.42,35.25,15.03,16.97,11.49,11.67,12.08,14.63,7.59,14.61,11.13,15.49,9.53,10.96,14.95,10.3,12.44,10.9,5.91,11.95,12.13,11.02,11.28,10.13,9.05,10.73,10.36,12.67,15.8,17.49,12.92,21.33,18.52,7.41,8.44,4.66,5.65,9.99,6.67,27.33,21.4,22.57,25.47,16.95,22.75,22.44,18.4,20.53,13.24,25.24,24.27,24.96,25.72,29.13,26.92,25.97,24.9,25.3,27.64,29.69,28.28,34.06,29.02,26.76
2016-10-07,10.92,12.94,11.63,12.89,13.51,15.55,11.85,10.66,18.27,14.86,19.4,7.63,10.55,8.62,8.62,9.15,9.35,5.46,8.87,6.25,8.91,6.54,7.03,7.45,7.77,6.85,7.48,2.81,8.54,6.98,7.11,7.68,3.02,6.11,10.79,6.63,6.12,11.67,10.82,9.05,14.78,11.97,2.37,2.36,4.23,3.3,6.97,2.63,24.18,16.2,14.83,16.17,13.56,16.68,17.58,14.71,16.71,8.29,18.0,19.92,17.43,21.29,17.15,14.14,14.25,14.13,15.68,14.67,17.05,18.95,18.45,14.09,18.02
2016-10-14,36.14,52.18,41.09,47.87,47.36,36.86,49.87,45.4,44.05,41.31,41.98,9.39,12.19,5.36,8.98,8.58,9.73,6.24,9.8,8.62,9.05,5.41,7.57,8.0,6.49,6.97,6.75,3.7,8.89,7.72,8.42,9.96,4.48,5.8,10.87,7.88,35.12,14.84,27.93,16.38,29.5,36.67,4.17,3.93,4.67,5.03,7.9,3.57,43.34,42.31,40.58,43.86,36.71,35.16,39.54,29.01,31.07,24.76,29.36,40.23,30.05,37.65,34.34,30.63,37.48,36.23,33.19,29.89,40.52,36.44,46.64,46.87,38.6
2016-10-21,21.36,30.89,26.23,31.12,30.21,22.52,32.01,27.11,26.88,26.54,31.08,25.73,27.59,25.76,22.4,21.74,24.51,15.26,27.25,24.83,21.99,21.53,15.96,25.48,20.21,21.55,20.88,16.76,24.29,24.89,20.13,24.39,18.38,19.67,23.56,23.04,17.3,23.37,21.65,18.28,25.17,20.98,6.15,6.61,4.87,5.0,8.87,4.32,24.28,21.37,24.03,21.53,16.5,16.97,18.12,14.81,18.86,16.09,15.32,21.26,15.7,20.18,21.23,24.7,25.26,23.3,25.04,22.07,23.44,20.13,31.04,28.1,21.03
2016-10-28,24.52,18.94,16.36,19.84,23.19,23.16,19.83,19.42,24.22,27.69,24.63,14.49,15.5,11.9,13.94,14.76,14.02,11.05,15.36,13.08,14.29,13.36,10.35,14.43,12.8,12.85,15.2,6.36,14.9,14.47,12.37,11.82,13.87,12.38,16.14,15.56,9.39,14.91,16.13,12.32,18.87,14.65,3.59,6.12,7.15,5.15,7.96,5.68,43.66,41.39,44.17,42.95,35.6,35.21,36.51,28.18,31.75,32.56,32.49,37.85,33.19,39.41,33.35,31.7,29.25,31.11,28.17,28.56,30.26,31.66,32.47,27.54,33.47
2016-11-04,22.75,22.68,25.8,29.0,28.16,24.66,29.94,22.99,29.04,29.31,33.25,19.29,22.46,14.81,13.04,13.73,17.37,10.83,20.22,15.88,15.5,13.39,9.55,15.72,12.96,12.46,13.94,7.46,13.48,16.3,12.19,12.14,14.36,11.19,15.19,14.13,15.3,22.33,22.95,19.69,26.28,20.01,4.87,6.71,7.19,5.99,9.35,6.03,39.69,32.81,37.68,32.16,29.94,27.56,29.28,28.15,30.57,33.2,26.03,32.38,28.92,33.35,30.07,34.21,30.34,28.88,34.11,27.34,28.66,29.14,37.01,30.98,28.1
2016-11-11,31.85,35.49,35.53,41.14,40.9,34.52,43.04,42.54,44.5,50.03,43.58,24.93,26.19,20.58,16.88,21.33,22.65,14.68,27.43,23.95,21.16,20.76,12.57,23.96,19.03,19.83,22.58,9.25,21.85,21.57,17.64,19.96,18.95,18.84,23.37,21.12,22.36,26.89,28.15,24.65,26.14,30.0,8.96,10.73,11.1,8.8,13.95,6.35,56.6,51.29,53.34,55.37,48.63,46.39,49.25,40.79,47.58,45.85,40.16,49.07,46.99,52.56,49.21,41.09,50.32,52.46,41.76,46.45,53.18,51.53,50.95,52.92,50.3
2016-11-18,21.91,22.23,24.14,24.15,25.04,18.18,26.19,21.75,27.11,26.61,27.49,13.9,18.77,10.33,9.44,9.87,14.73,8.42,18.73,12.55,14.53,10.12,6.41,13.49,11.08,9.75,12.69,4.08,11.6,13.79,9.34,11.24,11.79,9.44,12.46,10.2,13.84,18.04,17.77,14.17,15.08,18.85,4.96,5.88,7.42,4.53,7.92,3.13,54.81,44.95,45.2,42.82,42.21,43.43,48.21,34.66,42.38,34.71,37.71,47.34,45.56,50.36,39.8,25.17,34.39,35.87,29.04,33.2,35.42,39.3,36.39,31.77,35.54
2016-11-25,14.11,19.29,17.06,19.2,18.41,16.56,19.97,18.85,22.47,23.01,23.6,13.28,16.73,11.99,11.77,12.25,14.62,12.93,16.85,11.86,14.38,11.63,12.57,15.03,12.28,13.3,15.3,8.49,14.0,11.65,13.08,10.13,15.79,12.41,17.03,15.04,14.46,15.7,16.65,12.14,17.02,16.29,6.22,8.53,8.99,8.08,12.79,4.69,33.83,23.91,28.31,27.48,27.32,30.09,27.52,25.69,26.61,28.83,23.88,28.31,28.32,29.54,22.13,23.84,20.2,20.09,22.65,23.07,24.48,23.62,23.69,21.6,22.75
2016-12-02,19.04,24.45,21.24,23.78,26.23,29.38,23.98,23.27,33.0,36.91,30.07,17.78,19.17,15.36,13.68,15.18,17.2,15.38,19.58,14.29,16.71,14.63,16.42,16.6,15.05,14.13,18.62,8.54,16.76,15.99,16.55,12.28,19.39,15.81,17.26,17.87,19.64,19.27,22.79,16.37,20.23,20.65,8.3,12.65,11.05,11.57,14.22,6.6,52.36,42.38,60.95,47.85,44.71,53.32,46.44,41.06,40.69,43.25,41.76,48.47,47.02,52.14,38.42,29.58,31.33,34.26,28.92,31.92,40.59,36.68,33.09,35.74,37.59
2016-12-09,19.27,21.08,23.16,24.04,27.5,26.1,25.54,23.24,34.86,32.16,30.21,17.72,21.03,17.19,15.85,14.38,17.23,14.9,18.12,13.86,16.08,15.39,17.27,18.45,15.04,15.23,17.97,8.49,17.21,16.86,16.72,13.49,18.47,16.1,17.7,17.35,11.89,20.01,21.09,15.28,19.22,18.91,7.19,10.36,8.98,8.36,11.27,6.7,46.76,31.56,39.52,41.98,37.83,42.61,38.07,36.0,36.0,35.68,35.88,43.6,38.34,42.5,32.38,30.6,30.2,30.45,31.26,30.83,39.06,34.52,32.67,33.41,32.92
2016-12-16,29.69,31.4,32.18,36.13,35.47,29.34,37.38,32.42,40.35,36.35,39.73,23.62,28.56,15.88,12.95,14.35,24.35,10.15,17.98,18.26,15.79,16.18,13.32,23.08,14.36,14.05,14.35,7.07,15.09,19.91,13.08,13.15,15.01,13.59,16.17,14.18,21.76,26.01,28.35,21.85,27.25,28.8,7.24,10.88,8.89,8.13,12.98,7.16,54.15,35.36,55.29,43.87,46.04,50.45,45.25,43.98,43.14,37.51,43.76,44.35,47.71,49.45,43.91,36.94,40.3,43.59,38.23,35.48,49.61,48.99,41.84,42.41,44.83
2016-12-23,18.71,25.93,21.67,26.49,28.09,28.26,27.83,26.93,35.32,35.57,29.17,21.04,23.29,16.28,12.91,14.5,20.38,15.26,21.29,16.59,16.9,13.61,17.6,17.4,16.34,15.38,18.4,12.01,17.86,17.22,16.06,13.08,18.16,16.0,18.46,18.15,19.99,22.2,22.56,17.83,21.38,22.06,9.72,14.19,10.8,10.14,16.58,10.88,44.29,24.73,41.25,40.9,37.84,44.64,38.79,38.97,37.63,38.11,37.35,35.62,40.33,40.63,31.55,30.62,28.22,33.73,31.37,26.87,39.19,36.29,32.43,34.94,36.75
